transaction_uti,isin,notional,notional_currency,transaction_type,transaction_datetime,rate,lei
0000452AMARKITWIRE97461020,EZN7BQZMQBR8,5000000,GBP,Buy,2020-12-17T12:15:39Z,0.0062469,213800MBWEIJDM5CU638
0000452AMARKITWIRE97461020,EZN7BQZMQBR8,5000000,GBP,Buy,2020-12-17T12:15:39Z,0.0062469,213800MBWEIJDM5CU638
0000452AMARKITWIRE97461020,EZN7BQZMQBR8,5000000,GBP,Buy,2020-12-17T12:15:39Z,0.0062469,213800MBWEIJDM5CU638
0000452AMARKITWIRE97461020,EZN7BQZMQBR8,5000000,GBP,Buy,2020-12-17T12:15:39Z,0.0062469,213800MBWEIJDM5CU638
0000452AMARKITWIRE97461020,EZN7BQZMQBR8,5000000,GBP,Buy,2020-12-17T12:15:39Z,0.0062469,213800MBWEIJDM5CU638
0000452AMARKITWIRE97461020,EZN7BQZMQBR8,5000000,GBP,Buy,2020-12-17T12:15:39Z,0.0062469,213800MBWEIJDM5CU638
0000452AMARKITWIRE97461020,EZN7BQZMQBR8,5000000,GBP,Buy,2020-12-17T12:15:39Z,0.0062469,213800MBWEIJDM5CU638
0000452AMARKITWIRE97461020,EZN7BQZMQBR8,5000000,GBP,Buy,2020-12-17T12:15:39Z,0.0062469,213800MBWEIJDM5CU638
0000452AMARKITWIRE97461020,EZN7BQZMQBR8,5000000,GBP,Buy,2020-12-17T12:15:39Z,0.0062469,213800MBWEIJDM5CU638
0000452AMARKITWIRE97461020,EZN7BQZMQBR8,5000000,GBP,Buy,2020-12-17T12:15:39Z,0.0062469,213800MBWEIJDM5CU638
0000452AMARKITWIRE97461020,EZN7BQZMQBR8,5000000,GBP,Buy,2020-12-17T12:15:39Z,0.0062469,213800MBWEIJDM5CU638
0000452AMARKITWIRE97461020,EZN7BQZMQBR8,5000000,GBP,Buy,2020-12-17T12:15:39Z,0.0062469,213800MBWEIJDM5CU638
0000452AMARKITWIRE97461020,EZN7BQZMQBR8,5000000,GBP,Buy,2020-12-17T12:15:39Z,0.0062469,213800MBWEIJDM5CU638
0000452AMARKITWIRE97461020,EZN7BQZMQBR8,5000000,GBP,Buy,2020-12-17T12:15:39Z,0.0062469,213800MBWEIJDM5CU638
0000452AMARKITWIRE97461020,EZN7BQZMQBR8,5000000,GBP,Buy,2020-12-17T12:15:39Z,0.0062469,213800MBWEIJDM5CU638
0000452AMARKITWIRE97461020,EZN7BQZMQBR8,5000000,GBP,Buy,2020-12-17T12:15:39Z,0.0062469,213800MBWEIJDM5CU638
0000452AMARKITWIRE97461020,EZN7BQZMQBR8,5000000,GBP,Buy,2020-12-17T12:15:39Z,0.0062469,213800MBWEIJDM5CU638
0000452AMARKITWIRE97461020,EZN7BQZMQBR8,5000000,GBP,Buy,2020-12-17T12:15:39Z,0.0062469,213800MBWEIJDM5CU638
0000452AMARKITWIRE188631428,EZDYJN1BK9K2,4600000,EUR,Buy,2022-06-30T09:50:48Z,0.00006,4PQUHN3JPFGFNF3BB653
10302389174A38DCE0DBA811E9B389B9699A7DC0CC,EZ69M311SB39,11000000,GBP,Buy,2015-03-04T12:00:00Z,0.0011,4PQUHN3JPFGFNF3BB653
0000452AMARKITWIRE188631428,EZDYJN1BK9K2,4600000,EUR,Buy,2022-06-30T09:50:48Z,0.00006,4PQUHN3JPFGFNF3BB653
10302389174A38DCE0DBA811E9B389B9699A7DC0CC,EZ69M311SB39,11000000,GBP,Buy,2015-03-04T12:00:00Z,0.0011,4PQUHN3JPFGFNF3BB653
0000452AMARKITWIRE188631428,EZDYJN1BK9K2,4600000,EUR,Buy,2022-06-30T09:50:48Z,0.00006,4PQUHN3JPFGFNF3BB653
10302389174A38DCE0DBA811E9B389B9699A7DC0CC,EZ69M311SB39,11000000,GBP,Buy,2015-03-04T12:00:00Z,0.0011,4PQUHN3JPFGFNF3BB653
0000452AMARKITWIRE188631428,EZDYJN1BK9K2,4600000,EUR,Buy,2022-06-30T09:50:48Z,0.00006,4PQUHN3JPFGFNF3BB653
10302389174A38DCE0DBA811E9B389B9699A7DC0CC,EZ69M311SB39,11000000,GBP,Buy,2015-03-04T12:00:00Z,0.0011,4PQUHN3JPFGFNF3BB653
0000452AMARKITWIRE188631428,EZDYJN1BK9K2,4600000,EUR,Buy,2022-06-30T09:50:48Z,0.00006,4PQUHN3JPFGFNF3BB653
10302389174A38DCE0DBA811E9B389B9699A7DC0CC,EZ69M311SB39,11000000,GBP,Buy,2015-03-04T12:00:00Z,0.0011,4PQUHN3JPFGFNF3BB653
0000452AMARKITWIRE188631428,EZDYJN1BK9K2,4600000,EUR,Buy,2022-06-30T09:50:48Z,0.00006,4PQUHN3JPFGFNF3BB653
10302389174A38DCE0DBA811E9B389B9699A7DC0CC,EZ69M311SB39,11000000,GBP,Buy,2015-03-04T12:00:00Z,0.0011,4PQUHN3JPFGFNF3BB653
0000452AMARKITWIRE188631428,EZDYJN1BK9K2,4600000,EUR,Buy,2022-06-30T09:50:48Z,0.00006,4PQUHN3JPFGFNF3BB653
10302389174A38DCE0DBA811E9B389B9699A7DC0CC,EZ69M311SB39,11000000,GBP,Buy,2015-03-04T12:00:00Z,0.0011,4PQUHN3JPFGFNF3BB653
0000452AMARKITWIRE188631428,EZDYJN1BK9K2,4600000,EUR,Buy,2022-06-30T09:50:48Z,0.00006,4PQUHN3JPFGFNF3BB653
10302389174A38DCE0DBA811E9B389B9699A7DC0CC,EZ69M311SB39,11000000,GBP,Buy,2015-03-04T12:00:00Z,0.0011,4PQUHN3JPFGFNF3BB653
0000452AMARKITWIRE188631428,EZDYJN1BK9K2,4600000,EUR,Buy,2022-06-30T09:50:48Z,0.00006,4PQUHN3JPFGFNF3BB653
10302389174A38DCE0DBA811E9B389B9699A7DC0CC,EZ69M311SB39,11000000,GBP,Buy,2015-03-04T12:00:00Z,0.0011,4PQUHN3JPFGFNF3BB653
0000452AMARKITWIRE188631428,EZDYJN1BK9K2,4600000,EUR,Buy,2022-06-30T09:50:48Z,0.00006,4PQUHN3JPFGFNF3BB653
10302389174A38DCE0DBA811E9B389B9699A7DC0CC,EZ69M311SB39,11000000,GBP,Buy,2015-03-04T12:00:00Z,0.0011,4PQUHN3JPFGFNF3BB653
0000452AMARKITWIRE188631428,EZDYJN1BK9K2,4600000,EUR,Buy,2022-06-30T09:50:48Z,0.00006,4PQUHN3JPFGFNF3BB653
10302389174A38DCE0DBA811E9B389B9699A7DC0CC,EZ69M311SB39,11000000,GBP,Buy,2015-03-04T12:00:00Z,0.0011,4PQUHN3JPFGFNF3BB653
0000452AMARKITWIRE188631428,EZDYJN1BK9K2,4600000,EUR,Buy,2022-06-30T09:50:48Z,0.00006,4PQUHN3JPFGFNF3BB653
10302389174A38DCE0DBA811E9B389B9699A7DC0CC,EZ69M311SB39,11000000,GBP,Buy,2015-03-04T12:00:00Z,0.0011,4PQUHN3JPFGFNF3BB653
0000452AMARKITWIRE188631428,EZDYJN1BK9K2,4600000,EUR,Buy,2022-06-30T09:50:48Z,0.00006,4PQUHN3JPFGFNF3BB653
10302389174A38DCE0DBA811E9B389B9699A7DC0CC,EZ69M311SB39,11000000,GBP,Buy,2015-03-04T12:00:00Z,0.0011,4PQUHN3JPFGFNF3BB653
0000452AMARKITWIRE188631428,EZDYJN1BK9K2,4600000,EUR,Buy,2022-06-30T09:50:48Z,0.00006,4PQUHN3JPFGFNF3BB653
10302389174A38DCE0DBA811E9B389B9699A7DC0CC,EZ69M311SB39,11000000,GBP,Buy,2015-03-04T12:00:00Z,0.0011,4PQUHN3JPFGFNF3BB653
0000452AMARKITWIRE188631428,EZDYJN1BK9K2,4600000,EUR,Buy,2022-06-30T09:50:48Z,0.00006,4PQUHN3JPFGFNF3BB653
10302389174A38DCE0DBA811E9B389B9699A7DC0CC,EZ69M311SB39,11000000,GBP,Buy,2015-03-04T12:00:00Z,0.0011,4PQUHN3JPFGFNF3BB653
0000452AMARKITWIRE188631428,EZDYJN1BK9K2,4600000,EUR,Buy,2022-06-30T09:50:48Z,0.00006,4PQUHN3JPFGFNF3BB653
10302389174A38DCE0DBA811E9B389B9699A7DC0CC,EZ69M311SB39,11000000,GBP,Buy,2015-03-04T12:00:00Z,0.0011,4PQUHN3JPFGFNF3BB653
0000452AMARKITWIRE188631428,EZDYJN1BK9K2,4600000,EUR,Buy,2022-06-30T09:50:48Z,0.00006,4PQUHN3JPFGFNF3BB653
10302389174A38DCE0DBA811E9B389B9699A7DC0CC,EZ69M311SB39,11000000,GBP,Buy,2015-03-04T12:00:00Z,0.0011,4PQUHN3JPFGFNF3BB653
0000452AMARKITWIRE188631428,EZDYJN1BK9K2,4600000,EUR,Buy,2022-06-30T09:50:48Z,0.00006,4PQUHN3JPFGFNF3BB653
10302389174A38DCE0DBA811E9B389B9699A7DC0CC,EZ69M311SB39,11000000,GBP,Buy,2015-03-04T12:00:00Z,0.0011,4PQUHN3JPFGFNF3BB653
0000452AMARKITWIRE73224269,EZSJCJ5GMYW6,8000000,GBP,Buy,2020-12-11T11:42:03Z,0.0054013,BFXS5XCH7N0Y05NIXW11
0000452AMARKITWIRE188040944,EZ29LKLNM4G1,24000000,EUR,Sell,2022-06-22T14:09:23Z,0.00289,BFXS5XCH7N0Y05NIXW11
0000452AMARKITWIRE189056073,EZ53S44K7JL2,14700000,EUR,Buy,2022-07-07T12:12:38Z,0.00238,BFXS5XCH7N0Y05NIXW11
0000452AMARKITWIRE189502871,EZWXNZCG4HW5,50000000,EUR,Buy,2022-07-14T10:28:57Z,0.00448,BFXS5XCH7N0Y05NIXW11
0000452AMARKITWIRE190106524,EZ848JR3VBM1,6900000,EUR,Buy,2022-07-25T12:34:28Z,0.00633,BFXS5XCH7N0Y05NIXW11
0000452AMARKITWIRE150674490,EZH7KHTJD052,45000000,EUR,Buy,2019-09-27T12:32:11Z,0.00427,BFXS5XCH7N0Y05NIXW11
0000452AMARKITWIRE190106543,EZF6Q1GFJ316,7400000,EUR,Buy,2022-07-25T12:35:59Z,0.00633,BFXS5XCH7N0Y05NIXW11
0000452AMARKITWIRE187215187,EZ2KJCJ083B8,60000000,EUR,Buy,2022-06-10T14:08:07Z,0.00063,BFXS5XCH7N0Y05NIXW11
0000452AMARKITWIRE73224269,EZSJCJ5GMYW6,8000000,GBP,Buy,2020-12-11T11:42:03Z,0.0054013,BFXS5XCH7N0Y05NIXW11
0000452AMARKITWIRE188040944,EZ29LKLNM4G1,24000000,EUR,Sell,2022-06-22T14:09:23Z,0.00289,BFXS5XCH7N0Y05NIXW11
0000452AMARKITWIRE189056073,EZ53S44K7JL2,14700000,EUR,Buy,2022-07-07T12:12:38Z,0.00238,BFXS5XCH7N0Y05NIXW11
0000452AMARKITWIRE189502871,EZWXNZCG4HW5,50000000,EUR,Buy,2022-07-14T10:28:57Z,0.00448,BFXS5XCH7N0Y05NIXW11
0000452AMARKITWIRE190106524,EZ848JR3VBM1,6900000,EUR,Buy,2022-07-25T12:34:28Z,0.00633,BFXS5XCH7N0Y05NIXW11
0000452AMARKITWIRE150674490,EZH7KHTJD052,45000000,EUR,Buy,2019-09-27T12:32:11Z,0.00427,BFXS5XCH7N0Y05NIXW11
0000452AMARKITWIRE190106543,EZF6Q1GFJ316,7400000,EUR,Buy,2022-07-25T12:35:59Z,0.00633,BFXS5XCH7N0Y05NIXW11
0000452AMARKITWIRE187215187,EZ2KJCJ083B8,60000000,EUR,Buy,2022-06-10T14:08:07Z,0.00063,BFXS5XCH7N0Y05NIXW11
0000452AMARKITWIRE73224269,EZSJCJ5GMYW6,8000000,GBP,Buy,2020-12-11T11:42:03Z,0.0054013,BFXS5XCH7N0Y05NIXW11
0000452AMARKITWIRE188040944,EZ29LKLNM4G1,24000000,EUR,Sell,2022-06-22T14:09:23Z,0.00289,BFXS5XCH7N0Y05NIXW11
0000452AMARKITWIRE189056073,EZ53S44K7JL2,14700000,EUR,Buy,2022-07-07T12:12:38Z,0.00238,BFXS5XCH7N0Y05NIXW11
0000452AMARKITWIRE189502871,EZWXNZCG4HW5,50000000,EUR,Buy,2022-07-14T10:28:57Z,0.00448,BFXS5XCH7N0Y05NIXW11
0000452AMARKITWIRE190106524,EZ848JR3VBM1,6900000,EUR,Buy,2022-07-25T12:34:28Z,0.00633,BFXS5XCH7N0Y05NIXW11
0000452AMARKITWIRE150674490,EZH7KHTJD052,45000000,EUR,Buy,2019-09-27T12:32:11Z,0.00427,BFXS5XCH7N0Y05NIXW11
0000452AMARKITWIRE190106543,EZF6Q1GFJ316,7400000,EUR,Buy,2022-07-25T12:35:59Z,0.00633,BFXS5XCH7N0Y05NIXW11
0000452AMARKITWIRE187215187,EZ2KJCJ083B8,60000000,EUR,Buy,2022-06-10T14:08:07Z,0.00063,BFXS5XCH7N0Y05NIXW11
0000452AMARKITWIRE73224269,EZSJCJ5GMYW6,8000000,GBP,Buy,2020-12-11T11:42:03Z,0.0054013,BFXS5XCH7N0Y05NIXW11
0000452AMARKITWIRE188040944,EZ29LKLNM4G1,24000000,EUR,Sell,2022-06-22T14:09:23Z,0.00289,BFXS5XCH7N0Y05NIXW11
0000452AMARKITWIRE189056073,EZ53S44K7JL2,14700000,EUR,Buy,2022-07-07T12:12:38Z,0.00238,BFXS5XCH7N0Y05NIXW11
0000452AMARKITWIRE189502871,EZWXNZCG4HW5,50000000,EUR,Buy,2022-07-14T10:28:57Z,0.00448,BFXS5XCH7N0Y05NIXW11
0000452AMARKITWIRE190106524,EZ848JR3VBM1,6900000,EUR,Buy,2022-07-25T12:34:28Z,0.00633,BFXS5XCH7N0Y05NIXW11
0000452AMARKITWIRE150674490,EZH7KHTJD052,45000000,EUR,Buy,2019-09-27T12:32:11Z,0.00427,BFXS5XCH7N0Y05NIXW11
0000452AMARKITWIRE190106543,EZF6Q1GFJ316,7400000,EUR,Buy,2022-07-25T12:35:59Z,0.00633,BFXS5XCH7N0Y05NIXW11
0000452AMARKITWIRE187215187,EZ2KJCJ083B8,60000000,EUR,Buy,2022-06-10T14:08:07Z,0.00063,BFXS5XCH7N0Y05NIXW11
0000452AMARKITWIRE73224269,EZSJCJ5GMYW6,8000000,GBP,Buy,2020-12-11T11:42:03Z,0.0054013,BFXS5XCH7N0Y05NIXW11
0000452AMARKITWIRE188040944,EZ29LKLNM4G1,24000000,EUR,Sell,2022-06-22T14:09:23Z,0.00289,BFXS5XCH7N0Y05NIXW11
0000452AMARKITWIRE189056073,EZ53S44K7JL2,14700000,EUR,Buy,2022-07-07T12:12:38Z,0.00238,BFXS5XCH7N0Y05NIXW11
0000452AMARKITWIRE189502871,EZWXNZCG4HW5,50000000,EUR,Buy,2022-07-14T10:28:57Z,0.00448,BFXS5XCH7N0Y05NIXW11
0000452AMARKITWIRE190106524,EZ848JR3VBM1,6900000,EUR,Buy,2022-07-25T12:34:28Z,0.00633,BFXS5XCH7N0Y05NIXW11
0000452AMARKITWIRE150674490,EZH7KHTJD052,45000000,EUR,Buy,2019-09-27T12:32:11Z,0.00427,BFXS5XCH7N0Y05NIXW11
0000452AMARKITWIRE190106543,EZF6Q1GFJ316,7400000,EUR,Buy,2022-07-25T12:35:59Z,0.00633,BFXS5XCH7N0Y05NIXW11
0000452AMARKITWIRE187215187,EZ2KJCJ083B8,60000000,EUR,Buy,2022-06-10T14:08:07Z,0.00063,BFXS5XCH7N0Y05NIXW11
0000452AMARKITWIRE73224269,EZSJCJ5GMYW6,8000000,GBP,Buy,2020-12-11T11:42:03Z,0.0054013,BFXS5XCH7N0Y05NIXW11
0000452AMARKITWIRE188040944,EZ29LKLNM4G1,24000000,EUR,Sell,2022-06-22T14:09:23Z,0.00289,BFXS5XCH7N0Y05NIXW11
0000452AMARKITWIRE189056073,EZ53S44K7JL2,14700000,EUR,Buy,2022-07-07T12:12:38Z,0.00238,BFXS5XCH7N0Y05NIXW11
0000452AMARKITWIRE189502871,EZWXNZCG4HW5,50000000,EUR,Buy,2022-07-14T10:28:57Z,0.00448,BFXS5XCH7N0Y05NIXW11
0000452AMARKITWIRE190106524,EZ848JR3VBM1,6900000,EUR,Buy,2022-07-25T12:34:28Z,0.00633,BFXS5XCH7N0Y05NIXW11
0000452AMARKITWIRE150674490,EZH7KHTJD052,45000000,EUR,Buy,2019-09-27T12:32:11Z,0.00427,BFXS5XCH7N0Y05NIXW11
0000452AMARKITWIRE190106543,EZF6Q1GFJ316,7400000,EUR,Buy,2022-07-25T12:35:59Z,0.00633,BFXS5XCH7N0Y05NIXW11
0000452AMARKITWIRE187215187,EZ2KJCJ083B8,60000000,EUR,Buy,2022-06-10T14:08:07Z,0.00063,BFXS5XCH7N0Y05NIXW11
0000452AMARKITWIRE73224269,EZSJCJ5GMYW6,8000000,GBP,Buy,2020-12-11T11:42:03Z,0.0054013,BFXS5XCH7N0Y05NIXW11
0000452AMARKITWIRE188040944,EZ29LKLNM4G1,24000000,EUR,Sell,2022-06-22T14:09:23Z,0.00289,BFXS5XCH7N0Y05NIXW11
0000452AMARKITWIRE189056073,EZ53S44K7JL2,14700000,EUR,Buy,2022-07-07T12:12:38Z,0.00238,BFXS5XCH7N0Y05NIXW11
0000452AMARKITWIRE189502871,EZWXNZCG4HW5,50000000,EUR,Buy,2022-07-14T10:28:57Z,0.00448,BFXS5XCH7N0Y05NIXW11
0000452AMARKITWIRE190106524,EZ848JR3VBM1,6900000,EUR,Buy,2022-07-25T12:34:28Z,0.00633,BFXS5XCH7N0Y05NIXW11
0000452AMARKITWIRE150674490,EZH7KHTJD052,45000000,EUR,Buy,2019-09-27T12:32:11Z,0.00427,BFXS5XCH7N0Y05NIXW11
0000452AMARKITWIRE190106543,EZF6Q1GFJ316,7400000,EUR,Buy,2022-07-25T12:35:59Z,0.00633,BFXS5XCH7N0Y05NIXW11
0000452AMARKITWIRE187215187,EZ2KJCJ083B8,60000000,EUR,Buy,2022-06-10T14:08:07Z,0.00063,BFXS5XCH7N0Y05NIXW11
0000452AMARKITWIRE73224269,EZSJCJ5GMYW6,8000000,GBP,Buy,2020-12-11T11:42:03Z,0.0054013,BFXS5XCH7N0Y05NIXW11
0000452AMARKITWIRE188040944,EZ29LKLNM4G1,24000000,EUR,Sell,2022-06-22T14:09:23Z,0.00289,BFXS5XCH7N0Y05NIXW11
0000452AMARKITWIRE189056073,EZ53S44K7JL2,14700000,EUR,Buy,2022-07-07T12:12:38Z,0.00238,BFXS5XCH7N0Y05NIXW11
0000452AMARKITWIRE189502871,EZWXNZCG4HW5,50000000,EUR,Buy,2022-07-14T10:28:57Z,0.00448,BFXS5XCH7N0Y05NIXW11
0000452AMARKITWIRE190106524,EZ848JR3VBM1,6900000,EUR,Buy,2022-07-25T12:34:28Z,0.00633,BFXS5XCH7N0Y05NIXW11
0000452AMARKITWIRE150674490,EZH7KHTJD052,45000000,EUR,Buy,2019-09-27T12:32:11Z,0.00427,BFXS5XCH7N0Y05NIXW11
0000452AMARKITWIRE190106543,EZF6Q1GFJ316,7400000,EUR,Buy,2022-07-25T12:35:59Z,0.00633,BFXS5XCH7N0Y05NIXW11
0000452AMARKITWIRE187215187,EZ2KJCJ083B8,60000000,EUR,Buy,2022-06-10T14:08:07Z,0.00063,BFXS5XCH7N0Y05NIXW11
0000452AMARKITWIRE73224269,EZSJCJ5GMYW6,8000000,GBP,Buy,2020-12-11T11:42:03Z,0.0054013,BFXS5XCH7N0Y05NIXW11
0000452AMARKITWIRE188040944,EZ29LKLNM4G1,24000000,EUR,Sell,2022-06-22T14:09:23Z,0.00289,BFXS5XCH7N0Y05NIXW11
0000452AMARKITWIRE189056073,EZ53S44K7JL2,14700000,EUR,Buy,2022-07-07T12:12:38Z,0.00238,BFXS5XCH7N0Y05NIXW11
0000452AMARKITWIRE189502871,EZWXNZCG4HW5,50000000,EUR,Buy,2022-07-14T10:28:57Z,0.00448,BFXS5XCH7N0Y05NIXW11
0000452AMARKITWIRE190106524,EZ848JR3VBM1,6900000,EUR,Buy,2022-07-25T12:34:28Z,0.00633,BFXS5XCH7N0Y05NIXW11
0000452AMARKITWIRE150674490,EZH7KHTJD052,45000000,EUR,Buy,2019-09-27T12:32:11Z,0.00427,BFXS5XCH7N0Y05NIXW11
0000452AMARKITWIRE190106543,EZF6Q1GFJ316,7400000,EUR,Buy,2022-07-25T12:35:59Z,0.00633,BFXS5XCH7N0Y05NIXW11
0000452AMARKITWIRE187215187,EZ2KJCJ083B8,60000000,EUR,Buy,2022-06-10T14:08:07Z,0.00063,BFXS5XCH7N0Y05NIXW11
0000452AMARKITWIRE73224269,EZSJCJ5GMYW6,8000000,GBP,Buy,2020-12-11T11:42:03Z,0.0054013,BFXS5XCH7N0Y05NIXW11
0000452AMARKITWIRE188040944,EZ29LKLNM4G1,24000000,EUR,Sell,2022-06-22T14:09:23Z,0.00289,BFXS5XCH7N0Y05NIXW11
0000452AMARKITWIRE189056073,EZ53S44K7JL2,14700000,EUR,Buy,2022-07-07T12:12:38Z,0.00238,BFXS5XCH7N0Y05NIXW11
0000452AMARKITWIRE189502871,EZWXNZCG4HW5,50000000,EUR,Buy,2022-07-14T10:28:57Z,0.00448,BFXS5XCH7N0Y05NIXW11
0000452AMARKITWIRE190106524,EZ848JR3VBM1,6900000,EUR,Buy,2022-07-25T12:34:28Z,0.00633,BFXS5XCH7N0Y05NIXW11
0000452AMARKITWIRE150674490,EZH7KHTJD052,45000000,EUR,Buy,2019-09-27T12:32:11Z,0.00427,BFXS5XCH7N0Y05NIXW11
0000452AMARKITWIRE190106543,EZF6Q1GFJ316,7400000,EUR,Buy,2022-07-25T12:35:59Z,0.00633,BFXS5XCH7N0Y05NIXW11
0000452AMARKITWIRE187215187,EZ2KJCJ083B8,60000000,EUR,Buy,2022-06-10T14:08:07Z,0.00063,BFXS5XCH7N0Y05NIXW11
0000452AMARKITWIRE73224269,EZSJCJ5GMYW6,8000000,GBP,Buy,2020-12-11T11:42:03Z,0.0054013,BFXS5XCH7N0Y05NIXW11
0000452AMARKITWIRE188040944,EZ29LKLNM4G1,24000000,EUR,Sell,2022-06-22T14:09:23Z,0.00289,BFXS5XCH7N0Y05NIXW11
0000452AMARKITWIRE189056073,EZ53S44K7JL2,14700000,EUR,Buy,2022-07-07T12:12:38Z,0.00238,BFXS5XCH7N0Y05NIXW11
0000452AMARKITWIRE189502871,EZWXNZCG4HW5,50000000,EUR,Buy,2022-07-14T10:28:57Z,0.00448,BFXS5XCH7N0Y05NIXW11
0000452AMARKITWIRE190106524,EZ848JR3VBM1,6900000,EUR,Buy,2022-07-25T12:34:28Z,0.00633,BFXS5XCH7N0Y05NIXW11
0000452AMARKITWIRE150674490,EZH7KHTJD052,45000000,EUR,Buy,2019-09-27T12:32:11Z,0.00427,BFXS5XCH7N0Y05NIXW11
0000452AMARKITWIRE190106543,EZF6Q1GFJ316,7400000,EUR,Buy,2022-07-25T12:35:59Z,0.00633,BFXS5XCH7N0Y05NIXW11
0000452AMARKITWIRE187215187,EZ2KJCJ083B8,60000000,EUR,Buy,2022-06-10T14:08:07Z,0.00063,BFXS5XCH7N0Y05NIXW11
0000452AMARKITWIRE73224269,EZSJCJ5GMYW6,8000000,GBP,Buy,2020-12-11T11:42:03Z,0.0054013,BFXS5XCH7N0Y05NIXW11
0000452AMARKITWIRE188040944,EZ29LKLNM4G1,24000000,EUR,Sell,2022-06-22T14:09:23Z,0.00289,BFXS5XCH7N0Y05NIXW11
0000452AMARKITWIRE189056073,EZ53S44K7JL2,14700000,EUR,Buy,2022-07-07T12:12:38Z,0.00238,BFXS5XCH7N0Y05NIXW11
0000452AMARKITWIRE189502871,EZWXNZCG4HW5,50000000,EUR,Buy,2022-07-14T10:28:57Z,0.00448,BFXS5XCH7N0Y05NIXW11
0000452AMARKITWIRE190106524,EZ848JR3VBM1,6900000,EUR,Buy,2022-07-25T12:34:28Z,0.00633,BFXS5XCH7N0Y05NIXW11
0000452AMARKITWIRE150674490,EZH7KHTJD052,45000000,EUR,Buy,2019-09-27T12:32:11Z,0.00427,BFXS5XCH7N0Y05NIXW11
0000452AMARKITWIRE190106543,EZF6Q1GFJ316,7400000,EUR,Buy,2022-07-25T12:35:59Z,0.00633,BFXS5XCH7N0Y05NIXW11
0000452AMARKITWIRE187215187,EZ2KJCJ083B8,60000000,EUR,Buy,2022-06-10T14:08:07Z,0.00063,BFXS5XCH7N0Y05NIXW11
0000452AMARKITWIRE73224269,EZSJCJ5GMYW6,8000000,GBP,Buy,2020-12-11T11:42:03Z,0.0054013,BFXS5XCH7N0Y05NIXW11
0000452AMARKITWIRE188040944,EZ29LKLNM4G1,24000000,EUR,Sell,2022-06-22T14:09:23Z,0.00289,BFXS5XCH7N0Y05NIXW11
0000452AMARKITWIRE189056073,EZ53S44K7JL2,14700000,EUR,Buy,2022-07-07T12:12:38Z,0.00238,BFXS5XCH7N0Y05NIXW11
0000452AMARKITWIRE189502871,EZWXNZCG4HW5,50000000,EUR,Buy,2022-07-14T10:28:57Z,0.00448,BFXS5XCH7N0Y05NIXW11
0000452AMARKITWIRE190106524,EZ848JR3VBM1,6900000,EUR,Buy,2022-07-25T12:34:28Z,0.00633,BFXS5XCH7N0Y05NIXW11
0000452AMARKITWIRE150674490,EZH7KHTJD052,45000000,EUR,Buy,2019-09-27T12:32:11Z,0.00427,BFXS5XCH7N0Y05NIXW11
0000452AMARKITWIRE190106543,EZF6Q1GFJ316,7400000,EUR,Buy,2022-07-25T12:35:59Z,0.00633,BFXS5XCH7N0Y05NIXW11
0000452AMARKITWIRE187215187,EZ2KJCJ083B8,60000000,EUR,Buy,2022-06-10T14:08:07Z,0.00063,BFXS5XCH7N0Y05NIXW11
0000452AMARKITWIRE73224269,EZSJCJ5GMYW6,8000000,GBP,Buy,2020-12-11T11:42:03Z,0.0054013,BFXS5XCH7N0Y05NIXW11
0000452AMARKITWIRE188040944,EZ29LKLNM4G1,24000000,EUR,Sell,2022-06-22T14:09:23Z,0.00289,BFXS5XCH7N0Y05NIXW11
0000452AMARKITWIRE189056073,EZ53S44K7JL2,14700000,EUR,Buy,2022-07-07T12:12:38Z,0.00238,BFXS5XCH7N0Y05NIXW11
0000452AMARKITWIRE189502871,EZWXNZCG4HW5,50000000,EUR,Buy,2022-07-14T10:28:57Z,0.00448,BFXS5XCH7N0Y05NIXW11
0000452AMARKITWIRE190106524,EZ848JR3VBM1,6900000,EUR,Buy,2022-07-25T12:34:28Z,0.00633,BFXS5XCH7N0Y05NIXW11
0000452AMARKITWIRE150674490,EZH7KHTJD052,45000000,EUR,Buy,2019-09-27T12:32:11Z,0.00427,BFXS5XCH7N0Y05NIXW11
0000452AMARKITWIRE190106543,EZF6Q1GFJ316,7400000,EUR,Buy,2022-07-25T12:35:59Z,0.00633,BFXS5XCH7N0Y05NIXW11
0000452AMARKITWIRE187215187,EZ2KJCJ083B8,60000000,EUR,Buy,2022-06-10T14:08:07Z,0.00063,BFXS5XCH7N0Y05NIXW11
0000452AMARKITWIRE73224269,EZSJCJ5GMYW6,8000000,GBP,Buy,2020-12-11T11:42:03Z,0.0054013,BFXS5XCH7N0Y05NIXW11
0000452AMARKITWIRE188040944,EZ29LKLNM4G1,24000000,EUR,Sell,2022-06-22T14:09:23Z,0.00289,BFXS5XCH7N0Y05NIXW11
0000452AMARKITWIRE189056073,EZ53S44K7JL2,14700000,EUR,Buy,2022-07-07T12:12:38Z,0.00238,BFXS5XCH7N0Y05NIXW11
0000452AMARKITWIRE189502871,EZWXNZCG4HW5,50000000,EUR,Buy,2022-07-14T10:28:57Z,0.00448,BFXS5XCH7N0Y05NIXW11
0000452AMARKITWIRE190106524,EZ848JR3VBM1,6900000,EUR,Buy,2022-07-25T12:34:28Z,0.00633,BFXS5XCH7N0Y05NIXW11
0000452AMARKITWIRE150674490,EZH7KHTJD052,45000000,EUR,Buy,2019-09-27T12:32:11Z,0.00427,BFXS5XCH7N0Y05NIXW11
0000452AMARKITWIRE190106543,EZF6Q1GFJ316,7400000,EUR,Buy,2022-07-25T12:35:59Z,0.00633,BFXS5XCH7N0Y05NIXW11
0000452AMARKITWIRE187215187,EZ2KJCJ083B8,60000000,EUR,Buy,2022-06-10T14:08:07Z,0.00063,BFXS5XCH7N0Y05NIXW11
0000452AMARKITWIRE73224269,EZSJCJ5GMYW6,8000000,GBP,Buy,2020-12-11T11:42:03Z,0.0054013,BFXS5XCH7N0Y05NIXW11
0000452AMARKITWIRE188040944,EZ29LKLNM4G1,24000000,EUR,Sell,2022-06-22T14:09:23Z,0.00289,BFXS5XCH7N0Y05NIXW11
0000452AMARKITWIRE189056073,EZ53S44K7JL2,14700000,EUR,Buy,2022-07-07T12:12:38Z,0.00238,BFXS5XCH7N0Y05NIXW11
0000452AMARKITWIRE189502871,EZWXNZCG4HW5,50000000,EUR,Buy,2022-07-14T10:28:57Z,0.00448,BFXS5XCH7N0Y05NIXW11
0000452AMARKITWIRE190106524,EZ848JR3VBM1,6900000,EUR,Buy,2022-07-25T12:34:28Z,0.00633,BFXS5XCH7N0Y05NIXW11
0000452AMARKITWIRE150674490,EZH7KHTJD052,45000000,EUR,Buy,2019-09-27T12:32:11Z,0.00427,BFXS5XCH7N0Y05NIXW11
0000452AMARKITWIRE190106543,EZF6Q1GFJ316,7400000,EUR,Buy,2022-07-25T12:35:59Z,0.00633,BFXS5XCH7N0Y05NIXW11
0000452AMARKITWIRE187215187,EZ2KJCJ083B8,60000000,EUR,Buy,2022-06-10T14:08:07Z,0.00063,BFXS5XCH7N0Y05NIXW11
0000452AMARKITWIRE73224269,EZSJCJ5GMYW6,8000000,GBP,Buy,2020-12-11T11:42:03Z,0.0054013,BFXS5XCH7N0Y05NIXW11
0000452AMARKITWIRE188040944,EZ29LKLNM4G1,24000000,EUR,Sell,2022-06-22T14:09:23Z,0.00289,BFXS5XCH7N0Y05NIXW11
0000452AMARKITWIRE189056073,EZ53S44K7JL2,14700000,EUR,Buy,2022-07-07T12:12:38Z,0.00238,BFXS5XCH7N0Y05NIXW11
0000452AMARKITWIRE189502871,EZWXNZCG4HW5,50000000,EUR,Buy,2022-07-14T10:28:57Z,0.00448,BFXS5XCH7N0Y05NIXW11
0000452AMARKITWIRE190106524,EZ848JR3VBM1,6900000,EUR,Buy,2022-07-25T12:34:28Z,0.00633,BFXS5XCH7N0Y05NIXW11
0000452AMARKITWIRE150674490,EZH7KHTJD052,45000000,EUR,Buy,2019-09-27T12:32:11Z,0.00427,BFXS5XCH7N0Y05NIXW11
0000452AMARKITWIRE190106543,EZF6Q1GFJ316,7400000,EUR,Buy,2022-07-25T12:35:59Z,0.00633,BFXS5XCH7N0Y05NIXW11
0000452AMARKITWIRE187215187,EZ2KJCJ083B8,60000000,EUR,Buy,2022-06-10T14:08:07Z,0.00063,BFXS5XCH7N0Y05NIXW11
0000452AMARKITWIRE73224269,EZSJCJ5GMYW6,8000000,GBP,Buy,2020-12-11T11:42:03Z,0.0054013,BFXS5XCH7N0Y05NIXW11
0000452AMARKITWIRE188040944,EZ29LKLNM4G1,24000000,EUR,Sell,2022-06-22T14:09:23Z,0.00289,BFXS5XCH7N0Y05NIXW11
0000452AMARKITWIRE189056073,EZ53S44K7JL2,14700000,EUR,Buy,2022-07-07T12:12:38Z,0.00238,BFXS5XCH7N0Y05NIXW11
0000452AMARKITWIRE189502871,EZWXNZCG4HW5,50000000,EUR,Buy,2022-07-14T10:28:57Z,0.00448,BFXS5XCH7N0Y05NIXW11
0000452AMARKITWIRE190106524,EZ848JR3VBM1,6900000,EUR,Buy,2022-07-25T12:34:28Z,0.00633,BFXS5XCH7N0Y05NIXW11
0000452AMARKITWIRE150674490,EZH7KHTJD052,45000000,EUR,Buy,2019-09-27T12:32:11Z,0.00427,BFXS5XCH7N0Y05NIXW11
0000452AMARKITWIRE190106543,EZF6Q1GFJ316,7400000,EUR,Buy,2022-07-25T12:35:59Z,0.00633,BFXS5XCH7N0Y05NIXW11
0000452AMARKITWIRE187215187,EZ2KJCJ083B8,60000000,EUR,Buy,2022-06-10T14:08:07Z,0.00063,BFXS5XCH7N0Y05NIXW11
1030244641MARKITWIRE0000000000000072110232,EZNB2LV26CY9,19570000,GBP,Sell,2020-12-16T14:38:43Z,0.01315,K6Q0W1PS1L1O4IQL9C32
1030244641MARKITWIRE0000000000000072697124,EZQW6HTFKNZ9,19510000,GBP,Sell,2020-12-16T14:37:01Z,0.013605,K6Q0W1PS1L1O4IQL9C32
1030244641MARKITWIRE0000000000000112880849,EZ6W26XXZTS6,1853000,GBP,Sell,2020-11-25T15:10:25Z,0.0061606,K6Q0W1PS1L1O4IQL9C32
1030238917C2B4CB90B9D211E9984D070361192EBB,EZ6Y30GC29Z2,214000000,EUR,Buy,2019-08-08T11:50:00Z,0.00048,K6Q0W1PS1L1O4IQL9C32
1030244641MARKITWIRE0000000000000072110232,EZNB2LV26CY9,19570000,GBP,Sell,2020-12-16T14:38:43Z,0.01315,K6Q0W1PS1L1O4IQL9C32
1030244641MARKITWIRE0000000000000072697124,EZQW6HTFKNZ9,19510000,GBP,Sell,2020-12-16T14:37:01Z,0.013605,K6Q0W1PS1L1O4IQL9C32
1030244641MARKITWIRE0000000000000112880849,EZ6W26XXZTS6,1853000,GBP,Sell,2020-11-25T15:10:25Z,0.0061606,K6Q0W1PS1L1O4IQL9C32
1030238917C2B4CB90B9D211E9984D070361192EBB,EZ6Y30GC29Z2,214000000,EUR,Buy,2019-08-08T11:50:00Z,0.00048,K6Q0W1PS1L1O4IQL9C32
1030244641MARKITWIRE0000000000000072110232,EZNB2LV26CY9,19570000,GBP,Sell,2020-12-16T14:38:43Z,0.01315,K6Q0W1PS1L1O4IQL9C32
1030244641MARKITWIRE0000000000000072697124,EZQW6HTFKNZ9,19510000,GBP,Sell,2020-12-16T14:37:01Z,0.013605,K6Q0W1PS1L1O4IQL9C32
1030244641MARKITWIRE0000000000000112880849,EZ6W26XXZTS6,1853000,GBP,Sell,2020-11-25T15:10:25Z,0.0061606,K6Q0W1PS1L1O4IQL9C32
1030238917C2B4CB90B9D211E9984D070361192EBB,EZ6Y30GC29Z2,214000000,EUR,Buy,2019-08-08T11:50:00Z,0.00048,K6Q0W1PS1L1O4IQL9C32
1030244641MARKITWIRE0000000000000072110232,EZNB2LV26CY9,19570000,GBP,Sell,2020-12-16T14:38:43Z,0.01315,K6Q0W1PS1L1O4IQL9C32
1030244641MARKITWIRE0000000000000072697124,EZQW6HTFKNZ9,19510000,GBP,Sell,2020-12-16T14:37:01Z,0.013605,K6Q0W1PS1L1O4IQL9C32
1030244641MARKITWIRE0000000000000112880849,EZ6W26XXZTS6,1853000,GBP,Sell,2020-11-25T15:10:25Z,0.0061606,K6Q0W1PS1L1O4IQL9C32
1030238917C2B4CB90B9D211E9984D070361192EBB,EZ6Y30GC29Z2,214000000,EUR,Buy,2019-08-08T11:50:00Z,0.00048,K6Q0W1PS1L1O4IQL9C32
1030244641MARKITWIRE0000000000000072110232,EZNB2LV26CY9,19570000,GBP,Sell,2020-12-16T14:38:43Z,0.01315,K6Q0W1PS1L1O4IQL9C32
1030244641MARKITWIRE0000000000000072697124,EZQW6HTFKNZ9,19510000,GBP,Sell,2020-12-16T14:37:01Z,0.013605,K6Q0W1PS1L1O4IQL9C32
1030244641MARKITWIRE0000000000000112880849,EZ6W26XXZTS6,1853000,GBP,Sell,2020-11-25T15:10:25Z,0.0061606,K6Q0W1PS1L1O4IQL9C32
1030238917C2B4CB90B9D211E9984D070361192EBB,EZ6Y30GC29Z2,214000000,EUR,Buy,2019-08-08T11:50:00Z,0.00048,K6Q0W1PS1L1O4IQL9C32
1030244641MARKITWIRE0000000000000072110232,EZNB2LV26CY9,19570000,GBP,Sell,2020-12-16T14:38:43Z,0.01315,K6Q0W1PS1L1O4IQL9C32
1030244641MARKITWIRE0000000000000072697124,EZQW6HTFKNZ9,19510000,GBP,Sell,2020-12-16T14:37:01Z,0.013605,K6Q0W1PS1L1O4IQL9C32
1030244641MARKITWIRE0000000000000112880849,EZ6W26XXZTS6,1853000,GBP,Sell,2020-11-25T15:10:25Z,0.0061606,K6Q0W1PS1L1O4IQL9C32
1030238917C2B4CB90B9D211E9984D070361192EBB,EZ6Y30GC29Z2,214000000,EUR,Buy,2019-08-08T11:50:00Z,0.00048,K6Q0W1PS1L1O4IQL9C32
1030244641MARKITWIRE0000000000000072110232,EZNB2LV26CY9,19570000,GBP,Sell,2020-12-16T14:38:43Z,0.01315,K6Q0W1PS1L1O4IQL9C32
1030244641MARKITWIRE0000000000000072697124,EZQW6HTFKNZ9,19510000,GBP,Sell,2020-12-16T14:37:01Z,0.013605,K6Q0W1PS1L1O4IQL9C32
1030244641MARKITWIRE0000000000000112880849,EZ6W26XXZTS6,1853000,GBP,Sell,2020-11-25T15:10:25Z,0.0061606,K6Q0W1PS1L1O4IQL9C32
1030238917C2B4CB90B9D211E9984D070361192EBB,EZ6Y30GC29Z2,214000000,EUR,Buy,2019-08-08T11:50:00Z,0.00048,K6Q0W1PS1L1O4IQL9C32
1030244641MARKITWIRE0000000000000072110232,EZNB2LV26CY9,19570000,GBP,Sell,2020-12-16T14:38:43Z,0.01315,K6Q0W1PS1L1O4IQL9C32
1030244641MARKITWIRE0000000000000072697124,EZQW6HTFKNZ9,19510000,GBP,Sell,2020-12-16T14:37:01Z,0.013605,K6Q0W1PS1L1O4IQL9C32
1030244641MARKITWIRE0000000000000112880849,EZ6W26XXZTS6,1853000,GBP,Sell,2020-11-25T15:10:25Z,0.0061606,K6Q0W1PS1L1O4IQL9C32
1030238917C2B4CB90B9D211E9984D070361192EBB,EZ6Y30GC29Z2,214000000,EUR,Buy,2019-08-08T11:50:00Z,0.00048,K6Q0W1PS1L1O4IQL9C32
1030244641MARKITWIRE0000000000000072110232,EZNB2LV26CY9,19570000,GBP,Sell,2020-12-16T14:38:43Z,0.01315,K6Q0W1PS1L1O4IQL9C32
1030244641MARKITWIRE0000000000000072697124,EZQW6HTFKNZ9,19510000,GBP,Sell,2020-12-16T14:37:01Z,0.013605,K6Q0W1PS1L1O4IQL9C32
1030244641MARKITWIRE0000000000000112880849,EZ6W26XXZTS6,1853000,GBP,Sell,2020-11-25T15:10:25Z,0.0061606,K6Q0W1PS1L1O4IQL9C32
1030238917C2B4CB90B9D211E9984D070361192EBB,EZ6Y30GC29Z2,214000000,EUR,Buy,2019-08-08T11:50:00Z,0.00048,K6Q0W1PS1L1O4IQL9C32
1030244641MARKITWIRE0000000000000072110232,EZNB2LV26CY9,19570000,GBP,Sell,2020-12-16T14:38:43Z,0.01315,K6Q0W1PS1L1O4IQL9C32
1030244641MARKITWIRE0000000000000072697124,EZQW6HTFKNZ9,19510000,GBP,Sell,2020-12-16T14:37:01Z,0.013605,K6Q0W1PS1L1O4IQL9C32
1030244641MARKITWIRE0000000000000112880849,EZ6W26XXZTS6,1853000,GBP,Sell,2020-11-25T15:10:25Z,0.0061606,K6Q0W1PS1L1O4IQL9C32
1030238917C2B4CB90B9D211E9984D070361192EBB,EZ6Y30GC29Z2,214000000,EUR,Buy,2019-08-08T11:50:00Z,0.00048,K6Q0W1PS1L1O4IQL9C32
1030244641MARKITWIRE0000000000000072110232,EZNB2LV26CY9,19570000,GBP,Sell,2020-12-16T14:38:43Z,0.01315,K6Q0W1PS1L1O4IQL9C32
1030244641MARKITWIRE0000000000000072697124,EZQW6HTFKNZ9,19510000,GBP,Sell,2020-12-16T14:37:01Z,0.013605,K6Q0W1PS1L1O4IQL9C32
1030244641MARKITWIRE0000000000000112880849,EZ6W26XXZTS6,1853000,GBP,Sell,2020-11-25T15:10:25Z,0.0061606,K6Q0W1PS1L1O4IQL9C32
1030238917C2B4CB90B9D211E9984D070361192EBB,EZ6Y30GC29Z2,214000000,EUR,Buy,2019-08-08T11:50:00Z,0.00048,K6Q0W1PS1L1O4IQL9C32
1030244641MARKITWIRE0000000000000072110232,EZNB2LV26CY9,19570000,GBP,Sell,2020-12-16T14:38:43Z,0.01315,K6Q0W1PS1L1O4IQL9C32
1030244641MARKITWIRE0000000000000072697124,EZQW6HTFKNZ9,19510000,GBP,Sell,2020-12-16T14:37:01Z,0.013605,K6Q0W1PS1L1O4IQL9C32
1030244641MARKITWIRE0000000000000112880849,EZ6W26XXZTS6,1853000,GBP,Sell,2020-11-25T15:10:25Z,0.0061606,K6Q0W1PS1L1O4IQL9C32
1030238917C2B4CB90B9D211E9984D070361192EBB,EZ6Y30GC29Z2,214000000,EUR,Buy,2019-08-08T11:50:00Z,0.00048,K6Q0W1PS1L1O4IQL9C32
1030244641MARKITWIRE0000000000000072110232,EZNB2LV26CY9,19570000,GBP,Sell,2020-12-16T14:38:43Z,0.01315,K6Q0W1PS1L1O4IQL9C32
1030244641MARKITWIRE0000000000000072697124,EZQW6HTFKNZ9,19510000,GBP,Sell,2020-12-16T14:37:01Z,0.013605,K6Q0W1PS1L1O4IQL9C32
1030244641MARKITWIRE0000000000000112880849,EZ6W26XXZTS6,1853000,GBP,Sell,2020-11-25T15:10:25Z,0.0061606,K6Q0W1PS1L1O4IQL9C32
1030238917C2B4CB90B9D211E9984D070361192EBB,EZ6Y30GC29Z2,214000000,EUR,Buy,2019-08-08T11:50:00Z,0.00048,K6Q0W1PS1L1O4IQL9C32
1030244641MARKITWIRE0000000000000072110232,EZNB2LV26CY9,19570000,GBP,Sell,2020-12-16T14:38:43Z,0.01315,K6Q0W1PS1L1O4IQL9C32
1030244641MARKITWIRE0000000000000072697124,EZQW6HTFKNZ9,19510000,GBP,Sell,2020-12-16T14:37:01Z,0.013605,K6Q0W1PS1L1O4IQL9C32
1030244641MARKITWIRE0000000000000112880849,EZ6W26XXZTS6,1853000,GBP,Sell,2020-11-25T15:10:25Z,0.0061606,K6Q0W1PS1L1O4IQL9C32
1030238917C2B4CB90B9D211E9984D070361192EBB,EZ6Y30GC29Z2,214000000,EUR,Buy,2019-08-08T11:50:00Z,0.00048,K6Q0W1PS1L1O4IQL9C32
1030244641MARKITWIRE0000000000000072110232,EZNB2LV26CY9,19570000,GBP,Sell,2020-12-16T14:38:43Z,0.01315,K6Q0W1PS1L1O4IQL9C32
1030244641MARKITWIRE0000000000000072697124,EZQW6HTFKNZ9,19510000,GBP,Sell,2020-12-16T14:37:01Z,0.013605,K6Q0W1PS1L1O4IQL9C32
1030244641MARKITWIRE0000000000000112880849,EZ6W26XXZTS6,1853000,GBP,Sell,2020-11-25T15:10:25Z,0.0061606,K6Q0W1PS1L1O4IQL9C32
1030238917C2B4CB90B9D211E9984D070361192EBB,EZ6Y30GC29Z2,214000000,EUR,Buy,2019-08-08T11:50:00Z,0.00048,K6Q0W1PS1L1O4IQL9C32
1030244641MARKITWIRE0000000000000072110232,EZNB2LV26CY9,19570000,GBP,Sell,2020-12-16T14:38:43Z,0.01315,K6Q0W1PS1L1O4IQL9C32
1030244641MARKITWIRE0000000000000072697124,EZQW6HTFKNZ9,19510000,GBP,Sell,2020-12-16T14:37:01Z,0.013605,K6Q0W1PS1L1O4IQL9C32
1030244641MARKITWIRE0000000000000112880849,EZ6W26XXZTS6,1853000,GBP,Sell,2020-11-25T15:10:25Z,0.0061606,K6Q0W1PS1L1O4IQL9C32
1030238917C2B4CB90B9D211E9984D070361192EBB,EZ6Y30GC29Z2,214000000,EUR,Buy,2019-08-08T11:50:00Z,0.00048,K6Q0W1PS1L1O4IQL9C32
1030244641MARKITWIRE0000000000000072110232,EZNB2LV26CY9,19570000,GBP,Sell,2020-12-16T14:38:43Z,0.01315,K6Q0W1PS1L1O4IQL9C32
1030244641MARKITWIRE0000000000000072697124,EZQW6HTFKNZ9,19510000,GBP,Sell,2020-12-16T14:37:01Z,0.013605,K6Q0W1PS1L1O4IQL9C32
1030244641MARKITWIRE0000000000000112880849,EZ6W26XXZTS6,1853000,GBP,Sell,2020-11-25T15:10:25Z,0.0061606,K6Q0W1PS1L1O4IQL9C32
1030238917C2B4CB90B9D211E9984D070361192EBB,EZ6Y30GC29Z2,214000000,EUR,Buy,2019-08-08T11:50:00Z,0.00048,K6Q0W1PS1L1O4IQL9C32
1030244641MARKITWIRE0000000000000072110232,EZNB2LV26CY9,19570000,GBP,Sell,2020-12-16T14:38:43Z,0.01315,K6Q0W1PS1L1O4IQL9C32
1030244641MARKITWIRE0000000000000072697124,EZQW6HTFKNZ9,19510000,GBP,Sell,2020-12-16T14:37:01Z,0.013605,K6Q0W1PS1L1O4IQL9C32
1030244641MARKITWIRE0000000000000112880849,EZ6W26XXZTS6,1853000,GBP,Sell,2020-11-25T15:10:25Z,0.0061606,K6Q0W1PS1L1O4IQL9C32
1030238917C2B4CB90B9D211E9984D070361192EBB,EZ6Y30GC29Z2,214000000,EUR,Buy,2019-08-08T11:50:00Z,0.00048,K6Q0W1PS1L1O4IQL9C32
0000452AMARKITWIRE26225363,EZKK6069DP48,14100000,GBP,Sell,2020-12-17T11:52:14Z,0.0060063,MP6I5ZYZBEU3UXPYFY54
0000452AMARKITWIRE106469723,EZ65LX7J3NL1,12000000,GBP,Buy,2020-12-15T14:17:29Z,0.00946,MP6I5ZYZBEU3UXPYFY54
0000452AMARKITWIRE88889673,EZTH907TJ6W0,22000000,GBP,Buy,2020-12-17T12:05:48Z,0.0058325,MP6I5ZYZBEU3UXPYFY54
0000452AMARKITWIRE26225363,EZKK6069DP48,14100000,GBP,Sell,2020-12-17T11:52:14Z,0.0060063,MP6I5ZYZBEU3UXPYFY54
0000452AMARKITWIRE106469723,EZ65LX7J3NL1,12000000,GBP,Buy,2020-12-15T14:17:29Z,0.00946,MP6I5ZYZBEU3UXPYFY54
0000452AMARKITWIRE88889673,EZTH907TJ6W0,22000000,GBP,Buy,2020-12-17T12:05:48Z,0.0058325,MP6I5ZYZBEU3UXPYFY54
0000452AMARKITWIRE26225363,EZKK6069DP48,14100000,GBP,Sell,2020-12-17T11:52:14Z,0.0060063,MP6I5ZYZBEU3UXPYFY54
0000452AMARKITWIRE106469723,EZ65LX7J3NL1,12000000,GBP,Buy,2020-12-15T14:17:29Z,0.00946,MP6I5ZYZBEU3UXPYFY54
0000452AMARKITWIRE88889673,EZTH907TJ6W0,22000000,GBP,Buy,2020-12-17T12:05:48Z,0.0058325,MP6I5ZYZBEU3UXPYFY54
0000452AMARKITWIRE26225363,EZKK6069DP48,14100000,GBP,Sell,2020-12-17T11:52:14Z,0.0060063,MP6I5ZYZBEU3UXPYFY54
0000452AMARKITWIRE106469723,EZ65LX7J3NL1,12000000,GBP,Buy,2020-12-15T14:17:29Z,0.00946,MP6I5ZYZBEU3UXPYFY54
0000452AMARKITWIRE88889673,EZTH907TJ6W0,22000000,GBP,Buy,2020-12-17T12:05:48Z,0.0058325,MP6I5ZYZBEU3UXPYFY54
0000452AMARKITWIRE26225363,EZKK6069DP48,14100000,GBP,Sell,2020-12-17T11:52:14Z,0.0060063,MP6I5ZYZBEU3UXPYFY54
0000452AMARKITWIRE106469723,EZ65LX7J3NL1,12000000,GBP,Buy,2020-12-15T14:17:29Z,0.00946,MP6I5ZYZBEU3UXPYFY54
0000452AMARKITWIRE88889673,EZTH907TJ6W0,22000000,GBP,Buy,2020-12-17T12:05:48Z,0.0058325,MP6I5ZYZBEU3UXPYFY54
0000452AMARKITWIRE26225363,EZKK6069DP48,14100000,GBP,Sell,2020-12-17T11:52:14Z,0.0060063,MP6I5ZYZBEU3UXPYFY54
0000452AMARKITWIRE106469723,EZ65LX7J3NL1,12000000,GBP,Buy,2020-12-15T14:17:29Z,0.00946,MP6I5ZYZBEU3UXPYFY54
0000452AMARKITWIRE88889673,EZTH907TJ6W0,22000000,GBP,Buy,2020-12-17T12:05:48Z,0.0058325,MP6I5ZYZBEU3UXPYFY54
0000452AMARKITWIRE26225363,EZKK6069DP48,14100000,GBP,Sell,2020-12-17T11:52:14Z,0.0060063,MP6I5ZYZBEU3UXPYFY54
0000452AMARKITWIRE106469723,EZ65LX7J3NL1,12000000,GBP,Buy,2020-12-15T14:17:29Z,0.00946,MP6I5ZYZBEU3UXPYFY54
0000452AMARKITWIRE88889673,EZTH907TJ6W0,22000000,GBP,Buy,2020-12-17T12:05:48Z,0.0058325,MP6I5ZYZBEU3UXPYFY54
0000452AMARKITWIRE26225363,EZKK6069DP48,14100000,GBP,Sell,2020-12-17T11:52:14Z,0.0060063,MP6I5ZYZBEU3UXPYFY54
0000452AMARKITWIRE106469723,EZ65LX7J3NL1,12000000,GBP,Buy,2020-12-15T14:17:29Z,0.00946,MP6I5ZYZBEU3UXPYFY54
0000452AMARKITWIRE88889673,EZTH907TJ6W0,22000000,GBP,Buy,2020-12-17T12:05:48Z,0.0058325,MP6I5ZYZBEU3UXPYFY54
0000452AMARKITWIRE26225363,EZKK6069DP48,14100000,GBP,Sell,2020-12-17T11:52:14Z,0.0060063,MP6I5ZYZBEU3UXPYFY54
0000452AMARKITWIRE106469723,EZ65LX7J3NL1,12000000,GBP,Buy,2020-12-15T14:17:29Z,0.00946,MP6I5ZYZBEU3UXPYFY54
0000452AMARKITWIRE88889673,EZTH907TJ6W0,22000000,GBP,Buy,2020-12-17T12:05:48Z,0.0058325,MP6I5ZYZBEU3UXPYFY54
0000452AMARKITWIRE26225363,EZKK6069DP48,14100000,GBP,Sell,2020-12-17T11:52:14Z,0.0060063,MP6I5ZYZBEU3UXPYFY54
0000452AMARKITWIRE106469723,EZ65LX7J3NL1,12000000,GBP,Buy,2020-12-15T14:17:29Z,0.00946,MP6I5ZYZBEU3UXPYFY54
0000452AMARKITWIRE88889673,EZTH907TJ6W0,22000000,GBP,Buy,2020-12-17T12:05:48Z,0.0058325,MP6I5ZYZBEU3UXPYFY54
0000452AMARKITWIRE26225363,EZKK6069DP48,14100000,GBP,Sell,2020-12-17T11:52:14Z,0.0060063,MP6I5ZYZBEU3UXPYFY54
0000452AMARKITWIRE106469723,EZ65LX7J3NL1,12000000,GBP,Buy,2020-12-15T14:17:29Z,0.00946,MP6I5ZYZBEU3UXPYFY54
0000452AMARKITWIRE88889673,EZTH907TJ6W0,22000000,GBP,Buy,2020-12-17T12:05:48Z,0.0058325,MP6I5ZYZBEU3UXPYFY54
0000452AMARKITWIRE26225363,EZKK6069DP48,14100000,GBP,Sell,2020-12-17T11:52:14Z,0.0060063,MP6I5ZYZBEU3UXPYFY54
0000452AMARKITWIRE106469723,EZ65LX7J3NL1,12000000,GBP,Buy,2020-12-15T14:17:29Z,0.00946,MP6I5ZYZBEU3UXPYFY54
0000452AMARKITWIRE88889673,EZTH907TJ6W0,22000000,GBP,Buy,2020-12-17T12:05:48Z,0.0058325,MP6I5ZYZBEU3UXPYFY54
0000452AMARKITWIRE26225363,EZKK6069DP48,14100000,GBP,Sell,2020-12-17T11:52:14Z,0.0060063,MP6I5ZYZBEU3UXPYFY54
0000452AMARKITWIRE106469723,EZ65LX7J3NL1,12000000,GBP,Buy,2020-12-15T14:17:29Z,0.00946,MP6I5ZYZBEU3UXPYFY54
0000452AMARKITWIRE88889673,EZTH907TJ6W0,22000000,GBP,Buy,2020-12-17T12:05:48Z,0.0058325,MP6I5ZYZBEU3UXPYFY54
0000452AMARKITWIRE26225363,EZKK6069DP48,14100000,GBP,Sell,2020-12-17T11:52:14Z,0.0060063,MP6I5ZYZBEU3UXPYFY54
0000452AMARKITWIRE106469723,EZ65LX7J3NL1,12000000,GBP,Buy,2020-12-15T14:17:29Z,0.00946,MP6I5ZYZBEU3UXPYFY54
0000452AMARKITWIRE88889673,EZTH907TJ6W0,22000000,GBP,Buy,2020-12-17T12:05:48Z,0.0058325,MP6I5ZYZBEU3UXPYFY54
0000452AMARKITWIRE26225363,EZKK6069DP48,14100000,GBP,Sell,2020-12-17T11:52:14Z,0.0060063,MP6I5ZYZBEU3UXPYFY54
0000452AMARKITWIRE106469723,EZ65LX7J3NL1,12000000,GBP,Buy,2020-12-15T14:17:29Z,0.00946,MP6I5ZYZBEU3UXPYFY54
0000452AMARKITWIRE88889673,EZTH907TJ6W0,22000000,GBP,Buy,2020-12-17T12:05:48Z,0.0058325,MP6I5ZYZBEU3UXPYFY54
0000452AMARKITWIRE26225363,EZKK6069DP48,14100000,GBP,Sell,2020-12-17T11:52:14Z,0.0060063,MP6I5ZYZBEU3UXPYFY54
0000452AMARKITWIRE106469723,EZ65LX7J3NL1,12000000,GBP,Buy,2020-12-15T14:17:29Z,0.00946,MP6I5ZYZBEU3UXPYFY54
0000452AMARKITWIRE88889673,EZTH907TJ6W0,22000000,GBP,Buy,2020-12-17T12:05:48Z,0.0058325,MP6I5ZYZBEU3UXPYFY54
0000452AMARKITWIRE26225363,EZKK6069DP48,14100000,GBP,Sell,2020-12-17T11:52:14Z,0.0060063,MP6I5ZYZBEU3UXPYFY54
0000452AMARKITWIRE106469723,EZ65LX7J3NL1,12000000,GBP,Buy,2020-12-15T14:17:29Z,0.00946,MP6I5ZYZBEU3UXPYFY54
0000452AMARKITWIRE88889673,EZTH907TJ6W0,22000000,GBP,Buy,2020-12-17T12:05:48Z,0.0058325,MP6I5ZYZBEU3UXPYFY54
0000452AMARKITWIRE26225363,EZKK6069DP48,14100000,GBP,Sell,2020-12-17T11:52:14Z,0.0060063,MP6I5ZYZBEU3UXPYFY54
0000452AMARKITWIRE106469723,EZ65LX7J3NL1,12000000,GBP,Buy,2020-12-15T14:17:29Z,0.00946,MP6I5ZYZBEU3UXPYFY54
0000452AMARKITWIRE88889673,EZTH907TJ6W0,22000000,GBP,Buy,2020-12-17T12:05:48Z,0.0058325,MP6I5ZYZBEU3UXPYFY54
1030291281MARKITWIRE0000000000000112874138,EZ9724VTXK48,763000,GBP,Sell,2020-11-25T15:06:22Z,0.0070956,XKZZ2JZF41MRHTR1V493
1030291281MARKITWIRE0000000000000080152595,EZD7JRS42975,6700000,GBP,Sell,2020-12-21T14:54:14Z,0.0137,XKZZ2JZF41MRHTR1V493
1030291281MARKITWIRE0000000000000112874138,EZ9724VTXK48,763000,GBP,Sell,2020-11-25T15:06:22Z,0.0070956,XKZZ2JZF41MRHTR1V493
1030291281MARKITWIRE0000000000000080152595,EZD7JRS42975,6700000,GBP,Sell,2020-12-21T14:54:14Z,0.0137,XKZZ2JZF41MRHTR1V493
1030291281MARKITWIRE0000000000000112874138,EZ9724VTXK48,763000,GBP,Sell,2020-11-25T15:06:22Z,0.0070956,XKZZ2JZF41MRHTR1V493
1030291281MARKITWIRE0000000000000080152595,EZD7JRS42975,6700000,GBP,Sell,2020-12-21T14:54:14Z,0.0137,XKZZ2JZF41MRHTR1V493
1030291281MARKITWIRE0000000000000112874138,EZ9724VTXK48,763000,GBP,Sell,2020-11-25T15:06:22Z,0.0070956,XKZZ2JZF41MRHTR1V493
1030291281MARKITWIRE0000000000000080152595,EZD7JRS42975,6700000,GBP,Sell,2020-12-21T14:54:14Z,0.0137,XKZZ2JZF41MRHTR1V493
1030291281MARKITWIRE0000000000000112874138,EZ9724VTXK48,763000,GBP,Sell,2020-11-25T15:06:22Z,0.0070956,XKZZ2JZF41MRHTR1V493
1030291281MARKITWIRE0000000000000080152595,EZD7JRS42975,6700000,GBP,Sell,2020-12-21T14:54:14Z,0.0137,XKZZ2JZF41MRHTR1V493
1030291281MARKITWIRE0000000000000112874138,EZ9724VTXK48,763000,GBP,Sell,2020-11-25T15:06:22Z,0.0070956,XKZZ2JZF41MRHTR1V493
1030291281MARKITWIRE0000000000000080152595,EZD7JRS42975,6700000,GBP,Sell,2020-12-21T14:54:14Z,0.0137,XKZZ2JZF41MRHTR1V493
1030291281MARKITWIRE0000000000000112874138,EZ9724VTXK48,763000,GBP,Sell,2020-11-25T15:06:22Z,0.0070956,XKZZ2JZF41MRHTR1V493
1030291281MARKITWIRE0000000000000080152595,EZD7JRS42975,6700000,GBP,Sell,2020-12-21T14:54:14Z,0.0137,XKZZ2JZF41MRHTR1V493
1030291281MARKITWIRE0000000000000112874138,EZ9724VTXK48,763000,GBP,Sell,2020-11-25T15:06:22Z,0.0070956,XKZZ2JZF41MRHTR1V493
1030291281MARKITWIRE0000000000000080152595,EZD7JRS42975,6700000,GBP,Sell,2020-12-21T14:54:14Z,0.0137,XKZZ2JZF41MRHTR1V493
1030291281MARKITWIRE0000000000000112874138,EZ9724VTXK48,763000,GBP,Sell,2020-11-25T15:06:22Z,0.0070956,XKZZ2JZF41MRHTR1V493
1030291281MARKITWIRE0000000000000080152595,EZD7JRS42975,6700000,GBP,Sell,2020-12-21T14:54:14Z,0.0137,XKZZ2JZF41MRHTR1V493
1030291281MARKITWIRE0000000000000112874138,EZ9724VTXK48,763000,GBP,Sell,2020-11-25T15:06:22Z,0.0070956,XKZZ2JZF41MRHTR1V493
1030291281MARKITWIRE0000000000000080152595,EZD7JRS42975,6700000,GBP,Sell,2020-12-21T14:54:14Z,0.0137,XKZZ2JZF41MRHTR1V493
1030291281MARKITWIRE0000000000000112874138,EZ9724VTXK48,763000,GBP,Sell,2020-11-25T15:06:22Z,0.0070956,XKZZ2JZF41MRHTR1V493
1030291281MARKITWIRE0000000000000080152595,EZD7JRS42975,6700000,GBP,Sell,2020-12-21T14:54:14Z,0.0137,XKZZ2JZF41MRHTR1V493
1030291281MARKITWIRE0000000000000112874138,EZ9724VTXK48,763000,GBP,Sell,2020-11-25T15:06:22Z,0.0070956,XKZZ2JZF41MRHTR1V493
1030291281MARKITWIRE0000000000000080152595,EZD7JRS42975,6700000,GBP,Sell,2020-12-21T14:54:14Z,0.0137,XKZZ2JZF41MRHTR1V493
1030291281MARKITWIRE0000000000000112874138,EZ9724VTXK48,763000,GBP,Sell,2020-11-25T15:06:22Z,0.0070956,XKZZ2JZF41MRHTR1V493
1030291281MARKITWIRE0000000000000080152595,EZD7JRS42975,6700000,GBP,Sell,2020-12-21T14:54:14Z,0.0137,XKZZ2JZF41MRHTR1V493
1030291281MARKITWIRE0000000000000112874138,EZ9724VTXK48,763000,GBP,Sell,2020-11-25T15:06:22Z,0.0070956,XKZZ2JZF41MRHTR1V493
1030291281MARKITWIRE0000000000000080152595,EZD7JRS42975,6700000,GBP,Sell,2020-12-21T14:54:14Z,0.0137,XKZZ2JZF41MRHTR1V493
1030291281MARKITWIRE0000000000000112874138,EZ9724VTXK48,763000,GBP,Sell,2020-11-25T15:06:22Z,0.0070956,XKZZ2JZF41MRHTR1V493
1030291281MARKITWIRE0000000000000080152595,EZD7JRS42975,6700000,GBP,Sell,2020-12-21T14:54:14Z,0.0137,XKZZ2JZF41MRHTR1V493
1030291281MARKITWIRE0000000000000112874138,EZ9724VTXK48,763000,GBP,Sell,2020-11-25T15:06:22Z,0.0070956,XKZZ2JZF41MRHTR1V493
1030291281MARKITWIRE0000000000000080152595,EZD7JRS42975,6700000,GBP,Sell,2020-12-21T14:54:14Z,0.0137,XKZZ2JZF41MRHTR1V493
1030291281MARKITWIRE0000000000000112874138,EZ9724VTXK48,763000,GBP,Sell,2020-11-25T15:06:22Z,0.0070956,XKZZ2JZF41MRHTR1V493
1030291281MARKITWIRE0000000000000080152595,EZD7JRS42975,6700000,GBP,Sell,2020-12-21T14:54:14Z,0.0137,XKZZ2JZF41MRHTR1V493
1030291281MARKITWIRE0000000000000112874138,EZ9724VTXK48,763000,GBP,Sell,2020-11-25T15:06:22Z,0.0070956,XKZZ2JZF41MRHTR1V493
1030291281MARKITWIRE0000000000000080152595,EZD7JRS42975,6700000,GBP,Sell,2020-12-21T14:54:14Z,0.0137,XKZZ2JZF41MRHTR1V493
